{
  "name": "oj-row-expander",
  "version": "4.2.0",
  "jetVersion": "4.2.0",
  "displayName": "Row Expander",
  "preview": true,
  "description": "A JET RowExpander is primarily used inside the JET Table and JET DataGrid",
  "properties": {
    "context": {
      "description": "The context object obtained from the column renderer (Table) or cell renderer (DataGrid)",
      "type": "Object",
      "displayName": "Context",
      "value": null
    },
    "expanded": {
      "description": "Specifies if the RowExpander is expanded. The default value is determined by the context obtained from the column renderer (Table) or cell renderer (DataGrid), or null if no context is specified. See performance for recommended usage regarding initial expansion state.",
      "type": "boolean|null",
      "displayName": "Expanded",
      "value": null,
      "writeback": true
    },
    "translations": {
      "description": "A collection of translated resources from the translation bundle, or null if this\ncomponent has no resources. Resources may be accessed and overridden individually or collectively, as seen in the examples.\n\nIf this component has translations, their documentation immediately follows this doc entry.",
      "type": "Object",
      "displayName": "Translations",
      "value": null,
      "properties": {
        "accessibleLevelDescription": {
          "description": "Provides properties to customize the accessible context level of the expanded or collapsed row\n\nSee the translations attribute for usage examples.",
          "type": "Object"
        },
        "accessibleRowCollapsed": {
          "description": "Provides properties to customize the accessible context when a row is collapsed\n\nSee the translations attribute for usage examples.",
          "type": "Object"
        },
        "accessibleRowDescription": {
          "description": "Provides properties to customize the accessible context level and index of the row\n\nSee the translations attribute for usage examples.",
          "type": "Object"
        },
        "accessibleRowExpanded": {
          "description": "Provides properties to customize the accessible context when a row is expanded\n\nSee the translations attribute for usage examples.",
          "type": "Object"
        },
        "accessibleStateCollapsed": {
          "description": "Provides properties to customize the accessible state of a collapsed row\n\nSee the translations attribute for usage examples.",
          "type": "Object"
        },
        "accessibleStateExpanded": {
          "description": "Provides properties to customize the accessible state of an expanded row\n\nSee the translations attribute for usage examples.",
          "type": "Object"
        }
      }
    }
  },
  "methods": {
    "refresh": {
      "description": "Redraw the RowExpander element. This method does not accept any arguments."
    },
    "setProperty": {
      "description": "Sets a property or a single subproperty for complex properties and notifies the component\nof the change, triggering a [property]Changed event.",
      "params": [
        {
          "name": "property",
          "description": "The property name to set. Supports dot notation for subproperty access.",
          "type": "string"
        },
        {
          "name": "value",
          "description": "The new value to set the property to.",
          "type": "*"
        }
      ]
    },
    "getProperty": {
      "description": "Retrieves a value for a property or a single subproperty for complex properties.",
      "params": [
        {
          "name": "property",
          "description": "The property name to get. Supports dot notation for subproperty access.",
          "type": "string"
        }
      ],
      "return": "*"
    },
    "setProperties": {
      "description": "Performs a batch set of properties.",
      "params": [
        {
          "name": "properties",
          "description": "An object containing the property and value pairs to set.",
          "type": "Object"
        }
      ]
    }
  },
  "events": {
    "ojExpand": {
      "description": "Triggered when a expand is performed on the RowExpander",
      "detail": {
        "rowKey": {
          "description": "the key of the expanded row",
          "type": "string"
        }
      }
    },
    "ojCollapse": {
      "description": "Triggered when a collapse is performed on the RowExpander",
      "detail": {
        "rowKey": {
          "description": "the key of the collapsed row",
          "type": "string"
        }
      }
    }
  },
  "slots": {
    "contextMenu": {
      "description": "The contextMenu slot is set on the oj-menu within this element. \nThis is used to designate the JET Menu that this component should launch as a context menu on right-click, Shift-F10, Press & Hold, or component-specific gesture. \nIf specified, the browser's native context menu will be replaced by the JET Menu specified in this slot.\n\nThe application can register a listener for the Menu's ojBeforeOpen event. The listener can cancel the launch via event.preventDefault(), \nor it can customize the menu contents by editing the menu DOM directly, and then calling refresh() on the Menu.\n\nTo help determine whether it's appropriate to cancel the launch or customize the menu, the ojBeforeOpen listener can use component API's to determine which \ntable cell, chart item, etc., is the target of the context menu. See the JSDoc and demos of the individual components for details. \n\nKeep in mind that any such logic must work whether the context menu was launched via right-click, Shift-F10, Press & Hold, or component-specific touch gesture."
    }
  }
}