{
  "name": "oj-train",
  "version": "4.2.0",
  "jetVersion": "4.2.0",
  "displayName": "Train",
  "preview": true,
  "styleClasses": [
    {
      "styleGroup": [
        "oj-train-stretch"
      ],
      "description": "Optional class that may be added to the train div which will stretch the train to cover the full width of the container specified."
    }
  ],
  "description": "The JET Train element is a navigation visual that allows a user to go between different \"steps\".",
  "properties": {
    "selectedStep": {
      "description": "Indicates the id of the current selected step.",
      "type": "string",
      "displayName": "Selected Step"
    },
    "steps": {
      "description": "The array of step objects.",
      "type": "Array.<Object>",
      "displayName": "Steps",
      "required": true,
      "properties": {
        "disabled": {
          "description": "Indicates if the step is disabled",
          "type": "boolean",
          "value": false
        },
        "id": {
          "description": "The id for the step object.",
          "type": "string",
          "required": true
        },
        "label": {
          "description": "The label for the step object.",
          "type": "string",
          "translatable": true,
          "required": true
        },
        "messageType": {
          "description": "The type of message icon to display on the step.",
          "type": "string",
          "value": null,
          "enumValues": [
            "error",
            "fatal",
            "info",
            "warning"
          ],
          "propertyEditorValues": {
            "error": {
              "displayName": "Error"
            },
            "fatal": {
              "displayName": "Fatal"
            },
            "info": {
              "displayName": "Info"
            },
            "warning": {
              "displayName": "Warning"
            }
          }
        },
        "visited": {
          "description": "Indicates if the step has been visited",
          "type": "boolean",
          "value": false
        }
      }
    },
    "translations": {
      "description": "A collection of translated resources from the translation bundle, or null if this\ncomponent has no resources. Resources may be accessed and overridden individually or collectively, as seen in the examples.\n\nIf this component has translations, their documentation immediately follows this doc entry.",
      "type": "Object",
      "displayName": "Translations",
      "value": null
    }
  },
  "methods": {
    "getStep": {
      "description": "Returns the step based on the id passed in.",
      "params": [
        {
          "name": "id",
          "description": "The id of the step.",
          "type": "string"
        }
      ],
      "return": "Object|null"
    },
    "getNextSelectableStep": {
      "description": "Returns the id of the next selectable step based on the current selectedStep.",
      "return": "string|null"
    },
    "getPreviousSelectableStep": {
      "description": "Returns the id of the previous selectable step based on the current selectedStep.",
      "return": "string|null"
    },
    "updateStep": {
      "description": "Update the step with the specified id with the provided property bag.",
      "params": [
        {
          "name": "id",
          "description": "The id of the step to update",
          "type": "string"
        },
        {
          "name": "stepProperties",
          "description": "The set of step properties to update. Will overwrite any previously set values.",
          "type": "Object"
        }
      ]
    },
    "refresh": {
      "description": "Refreshes the train."
    },
    "setProperty": {
      "description": "Sets a property or a single subproperty for complex properties and notifies the component\nof the change, triggering a [property]Changed event.",
      "params": [
        {
          "name": "property",
          "description": "The property name to set. Supports dot notation for subproperty access.",
          "type": "string"
        },
        {
          "name": "value",
          "description": "The new value to set the property to.",
          "type": "*"
        }
      ]
    },
    "getProperty": {
      "description": "Retrieves a value for a property or a single subproperty for complex properties.",
      "params": [
        {
          "name": "property",
          "description": "The property name to get. Supports dot notation for subproperty access.",
          "type": "string"
        }
      ],
      "return": "*"
    },
    "setProperties": {
      "description": "Performs a batch set of properties.",
      "params": [
        {
          "name": "properties",
          "description": "An object containing the property and value pairs to set.",
          "type": "Object"
        }
      ]
    }
  },
  "events": {
    "ojBeforeDeselect": {
      "description": "Triggered immediately before a step is deselected.",
      "cancelable": true,
      "detail": {
        "toStep": {
          "description": "The step that is about to be deselected.",
          "type": "string"
        },
        "fromStep": {
          "description": "The step that is about to be selected.",
          "type": "string"
        }
      }
    },
    "ojDeselect": {
      "description": "Triggered after a step has been deselected.",
      "detail": {
        "toStep": {
          "description": "The step that is about to be deselected.",
          "type": "string"
        },
        "fromStep": {
          "description": "The step that is about to be selected.",
          "type": "string"
        }
      }
    },
    "ojBeforeSelect": {
      "description": "Triggered immediately before a step is selected.",
      "cancelable": true,
      "detail": {
        "toStep": {
          "description": "The step that is about to be deselected.",
          "type": "string"
        },
        "fromStep": {
          "description": "The step that is about to be selected.",
          "type": "string"
        }
      }
    },
    "ojSelect": {
      "description": "Triggered after a step has been selected.",
      "detail": {
        "toStep": {
          "description": "The step that is about to be deselected.",
          "type": "string"
        },
        "fromStep": {
          "description": "The step that is about to be selected.",
          "type": "string"
        }
      }
    }
  },
  "slots": {
    "contextMenu": {
      "description": "The contextMenu slot is set on the oj-menu within this element. \nThis is used to designate the JET Menu that this component should launch as a context menu on right-click, Shift-F10, Press & Hold, or component-specific gesture. \nIf specified, the browser's native context menu will be replaced by the JET Menu specified in this slot.\n\nThe application can register a listener for the Menu's ojBeforeOpen event. The listener can cancel the launch via event.preventDefault(), \nor it can customize the menu contents by editing the menu DOM directly, and then calling refresh() on the Menu.\n\nTo help determine whether it's appropriate to cancel the launch or customize the menu, the ojBeforeOpen listener can use component API's to determine which \ntable cell, chart item, etc., is the target of the context menu. See the JSDoc and demos of the individual components for details. \n\nKeep in mind that any such logic must work whether the context menu was launched via right-click, Shift-F10, Press & Hold, or component-specific touch gesture."
    }
  }
}